{
  "name": "austin-survey-api",
  "version": "1.0.0",
  "description": "Backend API for Austin July 4th Parking Survey",
  "main": "server/index.ts",
  "scripts": {
    "dev": "tsx watch server/index.ts",
    "build": "tsc",
    "start": "node dist/server/index.js",
    "db:push": "drizzle-kit push"
  },
  "dependencies": {
    "express": "^4.18.2",
    "cors": "^2.8.5",
    "helmet": "^7.1.0",
    "zod": "^3.22.4",
    "drizzle-orm": "^0.29.0",
    "@neondatabase/serverless": "^0.6.0",
    "ws": "^8.14.2"
  },
  "devDependencies": {
    "@types/express": "^4.17.21",
    "@types/cors": "^2.8.17",
    "@types/ws": "^8.5.10",
    "tsx": "^4.6.2",
    "typescript": "^5.3.3",
    "drizzle-kit": "^0.20.6"
  }
}